,SNP2,SNP3,SNP4,SNP5,SNP6,SNP7,SNP10,SNP12,SNP13,SNP21,SNP22,SNP23,SNP24,SNP35,SNP36,SNP40,SNP42,SNP43,SNP47,SNP62,SNP65,SNP68,SNP73,SNP74,SNP84,SNP91
0,1,1,1,1.0,1.0,1.0,0,1,0,0.0,1.0,1.0,1.0,1,1,1.0,1.0,0.0,1,1,0,1,1,1,1,1
1,1,1,1,1.0,1.0,1.0,1,1,0,0.0,1.0,1.0,1.0,1,1,1.0,0.0,0.0,1,1,1,0,1,1,1,1
2,1,1,1,NaN,NaN,NaN,0,0,1,0.0,1.0,1.0,1.0,1,1,1.0,1.0,1.0,1,1,1,0,1,1,1,1
3,1,1,1,1.0,1.0,1.0,1,1,1,0.0,1.0,1.0,1.0,0,1,0.0,1.0,1.0,1,1,1,0,1,1,1,0
4,1,1,1,1.0,1.0,1.0,0,1,0,0.0,1.0,1.0,1.0,1,1,1.0,NaN,NaN,1,1,1,1,1,1,1,1
5,1,1,1,1.0,0.0,1.0,0,1,1,0.0,1.0,1.0,1.0,1,1,0.0,1.0,0.0,1,1,1,0,1,1,1,1
6,1,1,1,1.0,1.0,1.0,0,1,0,0.0,1.0,1.0,1.0,1,1,0.0,1.0,1.0,0,1,0,0,1,1,1,1
7,1,1,1,0.0,1.0,1.0,0,1,0,0.0,1.0,1.0,1.0,1,1,1.0,1.0,1.0,1,1,1,1,1,1,1,1
8,1,1,1,1.0,1.0,1.0,1,0,0,0.0,1.0,1.0,1.0,1,0,1.0,1.0,0.0,1,1,0,0,1,1,1,1
9,1,1,1,1.0,1.0,1.0,1,1,1,0.0,1.0,1.0,1.0,1,1,0.0,1.0,0.0,1,1,1,1,1,0,1,1
10,1,1,1,1.0,1.0,1.0,0,1,0,0.0,1.0,1.0,1.0,0,1,0.0,1.0,1.0,1,1,1,0,1,1,1,1
11,1,1,1,1.0,1.0,1.0,0,1,0,0.0,1.0,1.0,1.0,0,1,0.0,1.0,1.0,1,1,1,0,1,1,1,1
12,1,1,1,1.0,1.0,1.0,0,0,1,0.0,1.0,1.0,1.0,1,1,1.0,1.0,1.0,1,1,1,0,1,1,1,1
13,1,1,1,NaN,NaN,NaN,0,0,0,NaN,NaN,NaN,NaN,1,1,0.0,1.0,0.0,0,1,1,0,1,1,1,1
14,1,1,1,1.0,1.0,1.0,0,1,0,0.0,1.0,1.0,1.0,0,1,0.0,1.0,1.0,1,1,1,0,1,1,1,1
15,1,1,1,1.0,1.0,1.0,1,1,1,1.0,1.0,1.0,1.0,1,1,1.0,1.0,1.0,1,1,1,1,1,1,1,1
16,1,1,1,1.0,1.0,1.0,0,1,1,0.0,1.0,1.0,0.0,1,1,1.0,1.0,1.0,1,1,1,1,1,1,1,1
17,1,1,1,1.0,1.0,1.0,0,1,0,0.0,1.0,1.0,1.0,1,1,0.0,1.0,1.0,0,1,0,0,1,1,1,1
18,1,1,1,1.0,1.0,1.0,0,1,0,0.0,1.0,1.0,1.0,1,1,0.0,1.0,1.0,0,1,0,0,1,1,1,1
19,1,1,1,1.0,1.0,1.0,0,0,0,0.0,1.0,1.0,1.0,1,1,0.0,1.0,1.0,0,0,0,0,1,1,1,1
20,1,0,1,1.0,1.0,1.0,0,1,0,0.0,1.0,1.0,1.0,1,1,NaN,1.0,1.0,0,1,1,0,1,1,1,1
21,1,1,0,1.0,1.0,1.0,0,1,1,0.0,1.0,1.0,1.0,1,1,0.0,1.0,1.0,1,1,1,0,1,1,1,1
22,1,1,1,1.0,1.0,1.0,1,1,0,0.0,1.0,1.0,1.0,1,1,1.0,1.0,1.0,1,1,1,1,1,1,1,1
23,1,1,1,1.0,1.0,1.0,0,0,1,0.0,1.0,1.0,1.0,1,1,1.0,1.0,1.0,1,1,1,0,1,1,1,1
24,1,1,1,1.0,1.0,1.0,0,1,1,0.0,1.0,1.0,1.0,1,1,0.0,1.0,1.0,1,1,1,0,1,1,0,1
25,1,1,1,1.0,1.0,0.0,0,0,1,0.0,1.0,1.0,1.0,1,1,0.0,1.0,0.0,1,1,0,0,1,1,1,1
26,0,1,1,1.0,1.0,1.0,0,1,0,0.0,1.0,1.0,1.0,1,1,0.0,1.0,1.0,1,1,1,0,1,1,1,1
27,1,1,1,1.0,1.0,1.0,0,0,1,0.0,1.0,1.0,1.0,1,1,1.0,1.0,1.0,1,1,1,0,1,1,1,1
28,1,1,1,1.0,1.0,1.0,1,1,0,0.0,1.0,1.0,1.0,1,1,0.0,1.0,1.0,0,1,1,0,0,1,1,1
29,1,1,1,1.0,1.0,1.0,0,0,0,0.0,1.0,0.0,1.0,1,1,0.0,1.0,0.0,1,1,1,0,1,1,1,1
